<?xml version="1.0" encoding="utf-8"?>
<extension type="module" version="5.0" client="site" method="upgrade">
    <name>Article Slider</name>
    <version>1.0.0</version>
    <description>Displays a horizontal scrolling list of selected articles.</description>
    <files>
        <filename module="mod_article_slider">mod_article_slider.php</filename>
        <filename>helper.php</filename>
        <filename>script.js</filename>
        <filename>style.css</filename>
        <folder>tmpl</folder>
    </files>
    
    <config>
        <fields name="params">
            <fieldset name="basic">
                <field
                    name="catid"
                    type="list"
                    extension="com_content"
                    label="Select Category"
                    description="Filter articles by category."
                    default=""
                >
                    <option value="">- Select Category -</option>
<!--                     <query>
                        SELECT id AS value, title AS text FROM #__categories WHERE extension = 'com_content' AND published = 1 ORDER BY title ASC
                    </query> -->
                    <?php echo ModArticleSliderHelper::getCategoryOptions(); ?>
                </field>
                <field
                    name="selected_articles"
                    type="article"
                    multiple="true"
                    label="Select Articles"
                    description="Choose specific articles to display."
                />
                <field
                    name="limit"
                    type="number"
                    default="5"
                    label="Number of Articles"
                    description="Limit the number of articles displayed."
                />
            </fieldset>
        </fields>
    </config>
</extension>
